{"cameraMode":{"drawMode":0,"name":"Shaded","section":"Shading Mode"},"sceneLighting":false,"audioPlay":false,"sceneViewState":{"m_AlwaysRefresh":false,"showFog":true,"showSkybox":false,"showFlares":true,"showImageEffects":true,"showParticleSystems":true,"showVisualEffectGraphs":true,"m_FxEnabled":true},"in2DMode":false,"pivot":{"x":278.98565673828127,"y":5.306130409240723,"z":231.5682830810547},"rotation":{"x":0.25310781598091128,"y":0.022588780149817468,"z":-0.006029411219060421,"w":0.9673694968223572},"size":10.502588272094727,"orthographic":false}