{"cameraMode":{"drawMode":0,"name":"Shaded","section":"Shading Mode"},"sceneLighting":false,"audioPlay":false,"sceneViewState":{"m_AlwaysRefresh":false,"showFog":true,"showSkybox":false,"showFlares":true,"showImageEffects":true,"showParticleSystems":true,"showVisualEffectGraphs":true,"m_FxEnabled":true},"in2DMode":false,"pivot":{"x":0.054212093353271487,"y":0.33685678243637087,"z":0.11062297224998474},"rotation":{"x":-0.6265702843666077,"y":0.054753582924604419,"z":-0.044519223272800449,"w":-0.7765862941741943},"size":0.6887247562408447,"orthographic":false}