{"cameraMode":{"drawMode":0,"name":"Shaded","section":"Shading Mode"},"sceneLighting":false,"audioPlay":false,"sceneViewState":{"m_AlwaysRefresh":false,"showFog":true,"showSkybox":false,"showFlares":true,"showImageEffects":true,"showParticleSystems":true,"showVisualEffectGraphs":true,"m_FxEnabled":true},"in2DMode":false,"pivot":{"x":294.11151123046877,"y":0.9250003099441528,"z":245.6262664794922},"rotation":{"x":-0.2719537317752838,"y":0.15781092643737794,"z":-0.04549017921090126,"w":-0.9483509063720703},"size":2.2577037811279299,"orthographic":false}