{"cameraMode":{"drawMode":0,"name":"Shaded","section":"Shading Mode"},"sceneLighting":false,"audioPlay":false,"sceneViewState":{"m_AlwaysRefresh":false,"showFog":false,"showSkybox":false,"showFlares":false,"showImageEffects":false,"showParticleSystems":false,"showVisualEffectGraphs":true,"m_FxEnabled":true},"in2DMode":false,"pivot":{"x":0.006109416484832764,"y":0.8406840562820435,"z":0.031422048807144168},"rotation":{"x":0.131543830037117,"y":0.7013932466506958,"z":-0.1341543048620224,"w":0.6876385807991028},"size":1.1618270874023438,"orthographic":false}