{"cameraMode":{"drawMode":0,"name":"Shaded","section":"Shading Mode"},"sceneLighting":false,"audioPlay":false,"sceneViewState":{"m_AlwaysRefresh":false,"showFog":true,"showSkybox":false,"showFlares":true,"showImageEffects":true,"showParticleSystems":true,"showVisualEffectGraphs":true,"m_FxEnabled":true},"in2DMode":false,"pivot":{"x":-0.27181148529052737,"y":-0.2808094024658203,"z":-0.3276863098144531},"rotation":{"x":-0.4753721058368683,"y":-0.002773168496787548,"z":0.0012670287396758795,"w":-0.8799502849578857},"size":15.50440788269043,"orthographic":false}