{"cameraMode":{"drawMode":0,"name":"Shaded","section":"Shading Mode"},"sceneLighting":false,"audioPlay":false,"sceneViewState":{"m_AlwaysRefresh":false,"showFog":false,"showSkybox":false,"showFlares":false,"showImageEffects":false,"showParticleSystems":false,"showVisualEffectGraphs":true,"m_FxEnabled":true},"in2DMode":false,"pivot":{"x":1.006395936012268,"y":-0.13831353187561036,"z":-2.177398681640625},"rotation":{"x":0.036572832614183429,"y":0.9632161259651184,"z":-0.17676794528961183,"w":0.19926667213439942},"size":2.3618268966674806,"orthographic":false}