{"cameraMode":{"drawMode":0,"name":"Shaded","section":"Shading Mode"},"sceneLighting":true,"audioPlay":false,"sceneViewState":{"m_AlwaysRefresh":false,"showFog":true,"showSkybox":true,"showFlares":true,"showImageEffects":true,"showParticleSystems":true,"showVisualEffectGraphs":true,"m_FxEnabled":true},"in2DMode":false,"pivot":{"x":0.13797175884246827,"y":0.24604171514511109,"z":0.16029763221740724},"rotation":{"x":0.09321542829275131,"y":-0.8929146528244019,"z":0.21713146567344666,"w":0.3837762176990509},"size":2.575371265411377,"orthographic":true}