{"cameraMode":{"drawMode":0,"name":"Shaded","section":"Shading Mode"},"sceneLighting":true,"audioPlay":false,"sceneViewState":{"m_AlwaysRefresh":false,"showFog":true,"showSkybox":true,"showFlares":true,"showImageEffects":true,"showParticleSystems":true,"showVisualEffectGraphs":true,"m_FxEnabled":true},"in2DMode":false,"pivot":{"x":-21.22692108154297,"y":27.188661575317384,"z":35.904518127441409},"rotation":{"x":0.2987891733646393,"y":-0.6001588702201843,"z":0.25784555077552798,"w":0.6960775256156921},"size":18.116077423095704,"orthographic":true}