{"cameraMode":{"drawMode":0,"name":"Shaded","section":"Shading Mode"},"sceneLighting":true,"audioPlay":false,"sceneViewState":{"m_AlwaysRefresh":false,"showFog":true,"showSkybox":true,"showFlares":true,"showImageEffects":true,"showParticleSystems":true,"showVisualEffectGraphs":true,"m_FxEnabled":true},"in2DMode":false,"pivot":{"x":-29.003450393676759,"y":-3.288456916809082,"z":201.43592834472657},"rotation":{"x":-0.6135366559028626,"y":-0.006813406944274902,"z":0.0034119654446840288,"w":-0.790503740310669},"size":24.002588272094728,"orthographic":false}