{"cameraMode":{"drawMode":0,"name":"Shaded","section":"Shading Mode"},"sceneLighting":true,"audioPlay":false,"sceneViewState":{"m_AlwaysRefresh":false,"showFog":true,"showSkybox":true,"showFlares":true,"showImageEffects":true,"showParticleSystems":true,"showVisualEffectGraphs":true,"m_FxEnabled":true},"in2DMode":false,"pivot":{"x":-1.8484961986541749,"y":6.626145362854004,"z":0.4495711326599121},"rotation":{"x":-0.35259249806404116,"y":0.04746691882610321,"z":-0.018860088661313058,"w":-0.9351786375045776},"size":10.563932418823243,"orthographic":true}