{"cameraMode":{"drawMode":0,"name":"Shaded","section":"Shading Mode"},"sceneLighting":true,"audioPlay":false,"sceneViewState":{"m_AlwaysRefresh":false,"showFog":true,"showSkybox":true,"showFlares":true,"showImageEffects":true,"showParticleSystems":true,"showVisualEffectGraphs":true,"m_FxEnabled":true},"in2DMode":false,"pivot":{"x":-298.619873046875,"y":-0.827850341796875,"z":-50.331764221191409},"rotation":{"x":0.40252214670181277,"y":-0.04442250356078148,"z":0.018935883417725564,"w":0.9145185947418213},"size":184.09024047851563,"orthographic":false}