{"cameraMode":{"drawMode":0,"name":"Shaded","section":"Shading Mode"},"sceneLighting":true,"audioPlay":false,"sceneViewState":{"m_AlwaysRefresh":false,"showFog":true,"showSkybox":true,"showFlares":true,"showImageEffects":true,"showParticleSystems":true,"showVisualEffectGraphs":true,"m_FxEnabled":true},"in2DMode":false,"pivot":{"x":-0.03571140766143799,"y":0.48867306113243105,"z":-0.11440736055374146},"rotation":{"x":0.0005715727456845343,"y":-0.3974168300628662,"z":0.00019078065815847367,"w":0.9178827404975891},"size":0.9581925272941589,"orthographic":true}