{"cameraMode":{"drawMode":0,"name":"Shaded","section":"Shading Mode"},"sceneLighting":true,"audioPlay":false,"sceneViewState":{"m_AlwaysRefresh":false,"showFog":true,"showSkybox":true,"showFlares":true,"showImageEffects":true,"showParticleSystems":true,"showVisualEffectGraphs":true,"m_FxEnabled":true},"in2DMode":false,"pivot":{"x":-2.0549728870391847,"y":4.085206031799316,"z":-1.2636513710021973},"rotation":{"x":-0.29190853238105776,"y":0.022616732865571977,"z":-0.008325819857418538,"w":-0.9569856524467468},"size":13.582826614379883,"orthographic":true}