{"cameraMode":{"drawMode":0,"name":"Shaded","section":"Shading Mode"},"sceneLighting":true,"audioPlay":false,"sceneViewState":{"m_AlwaysRefresh":false,"showFog":true,"showSkybox":true,"showFlares":true,"showImageEffects":true,"showParticleSystems":true,"showVisualEffectGraphs":true,"m_FxEnabled":true},"in2DMode":false,"pivot":{"x":-11.293601036071778,"y":7.832144737243652,"z":162.31015014648438},"rotation":{"x":0.5870165228843689,"y":0.01446009986102581,"z":-0.009051225148141384,"w":0.8101614713668823},"size":1.6049747467041016,"orthographic":false}