{"cameraMode":{"drawMode":0,"name":"Shaded","section":"Shading Mode"},"sceneLighting":true,"audioPlay":false,"sceneViewState":{"m_AlwaysRefresh":false,"showFog":true,"showSkybox":true,"showFlares":true,"showImageEffects":true,"showParticleSystems":true,"showVisualEffectGraphs":true,"m_FxEnabled":true},"in2DMode":false,"pivot":{"x":-25.031322479248048,"y":-26.881826400756837,"z":24.35390853881836},"rotation":{"x":0.50520920753479,"y":0.0031573304440826179,"z":-0.0017579406267032028,"w":0.8632424473762512},"size":56.15108108520508,"orthographic":true}