{"cameraMode":{"drawMode":0,"name":"Shaded","section":"Shading Mode"},"sceneLighting":true,"audioPlay":false,"sceneViewState":{"m_AlwaysRefresh":false,"showFog":true,"showSkybox":true,"showFlares":true,"showImageEffects":true,"showParticleSystems":true,"showVisualEffectGraphs":true,"m_FxEnabled":true},"in2DMode":false,"pivot":{"x":-46.67488479614258,"y":11.06801986694336,"z":46.433692932128909},"rotation":{"x":-0.49762865900993349,"y":0.09670254588127136,"z":-0.055880073457956317,"w":-0.8603150248527527},"size":15.82125473022461,"orthographic":true}