{"cameraMode":{"drawMode":0,"name":"Shaded","section":"Shading Mode"},"sceneLighting":true,"audioPlay":false,"sceneViewState":{"m_AlwaysRefresh":false,"showFog":true,"showSkybox":true,"showFlares":true,"showImageEffects":true,"showParticleSystems":true,"showVisualEffectGraphs":true,"m_FxEnabled":true},"in2DMode":false,"pivot":{"x":-27.340097427368165,"y":3.541775941848755,"z":141.5493927001953},"rotation":{"x":-0.32586899399757388,"y":-0.09286533296108246,"z":0.030968081206083299,"w":-0.9408642053604126},"size":6.596251010894775,"orthographic":false}