{"cameraMode":{"drawMode":0,"name":"Shaded","section":"Shading Mode"},"sceneLighting":true,"audioPlay":false,"sceneViewState":{"m_AlwaysRefresh":false,"showFog":true,"showSkybox":true,"showFlares":true,"showImageEffects":true,"showParticleSystems":true,"showVisualEffectGraphs":true,"m_FxEnabled":true},"in2DMode":false,"pivot":{"x":-31.545808792114259,"y":5.314037322998047,"z":155.0699462890625},"rotation":{"x":0.1726388782262802,"y":-0.03718377277255058,"z":0.011904152110219002,"w":0.9850265979766846},"size":7.358962059020996,"orthographic":false}