{"cameraMode":{"drawMode":0,"name":"Shaded","section":"Shading Mode"},"sceneLighting":true,"audioPlay":false,"sceneViewState":{"m_AlwaysRefresh":false,"showFog":true,"showSkybox":true,"showFlares":true,"showImageEffects":true,"showParticleSystems":true,"showVisualEffectGraphs":true,"m_FxEnabled":true},"in2DMode":false,"pivot":{"x":-29.462984085083009,"y":2.777373790740967,"z":160.0282745361328},"rotation":{"x":0.3529174327850342,"y":-0.0005468749441206455,"z":0.00025764209567569196,"w":0.9359017014503479},"size":22.682207107543947,"orthographic":true}