{"cameraMode":{"drawMode":0,"name":"Shaded","section":"Shading Mode"},"sceneLighting":false,"audioPlay":false,"sceneViewState":{"m_AlwaysRefresh":false,"showFog":true,"showSkybox":false,"showFlares":true,"showImageEffects":true,"showParticleSystems":true,"showVisualEffectGraphs":true,"m_FxEnabled":true},"in2DMode":false,"pivot":{"x":23.707103729248048,"y":2.198392152786255,"z":2.92016339302063},"rotation":{"x":0.6175196170806885,"y":0.0007208575843833387,"z":-0.0004884648369625211,"w":0.7868362665176392},"size":5.5722174644470219,"orthographic":false}